{"cameraMode":{"drawMode":0,"name":"Shaded","section":"Shading Mode"},"sceneLighting":false,"audioPlay":false,"sceneViewState":{"showFog":true,"showMaterialUpdate":false,"showSkybox":false,"showFlares":true,"showImageEffects":true,"showParticleSystems":true},"in2DMode":false,"pivot":{"x":1.9103080034255982,"y":4.068656921386719,"z":-10.32974624633789},"rotation":{"x":0.16705158352851869,"y":0.22641535103321076,"z":-0.03944855555891991,"w":0.9587896466255188},"size":1.8033447265625,"orthographic":false}