{"cameraMode":{"drawMode":0,"name":"Shaded","section":"Shading Mode"},"sceneLighting":false,"audioPlay":false,"sceneViewState":{"showFog":true,"showMaterialUpdate":false,"showSkybox":true,"showFlares":true,"showImageEffects":true,"showParticleSystems":true},"in2DMode":false,"pivot":{"x":-0.00036835670471191406,"y":4.267819881439209,"z":10.0},"rotation":{"x":0.2364726960659027,"y":0.4370029866695404,"z":-0.12023884803056717,"w":0.8594509959220886},"size":7.116000175476074,"orthographic":false}