{"cameraMode":{"drawMode":0,"name":"Shaded","section":"Shading Mode"},"sceneLighting":false,"audioPlay":false,"sceneViewState":{"showFog":true,"showMaterialUpdate":false,"showSkybox":false,"showFlares":true,"showImageEffects":true,"showParticleSystems":true},"in2DMode":false,"pivot":{"x":-0.05943340063095093,"y":1.603049635887146,"z":-0.8926582336425781},"rotation":{"x":0.07307911664247513,"y":-0.09797564148902893,"z":0.007213738281279802,"w":0.9924799203872681},"size":1.0987461805343629,"orthographic":true}