{"cameraMode":{"drawMode":0,"name":"Shaded","section":"Shading Mode"},"sceneLighting":false,"audioPlay":false,"sceneViewState":{"showFog":true,"showMaterialUpdate":false,"showSkybox":true,"showFlares":true,"showImageEffects":true,"showParticleSystems":true},"in2DMode":false,"pivot":{"x":0.3530157506465912,"y":0.4388401508331299,"z":0.8384883999824524},"rotation":{"x":0.4025671184062958,"y":0.16182343661785127,"z":-0.07317008823156357,"w":0.8980938792228699},"size":2.0248818397521974,"orthographic":true}