{"cameraMode":{"drawMode":0,"name":"Shaded","section":"Shading Mode"},"sceneLighting":false,"audioPlay":false,"sceneViewState":{"showFog":true,"showMaterialUpdate":false,"showSkybox":true,"showFlares":true,"showImageEffects":true,"showParticleSystems":true},"in2DMode":false,"pivot":{"x":0.0299999862909317,"y":-0.4099999666213989,"z":19.350000381469728},"rotation":{"x":-0.18487854301929475,"y":-0.023292304947972299,"z":0.004383963067084551,"w":-0.98247891664505},"size":1.8073949813842774,"orthographic":false}